{"assets/files/Euro-5CFE_gBrian_20230622.csv":["assets/files/Euro-5CFE_gBrian_20230622.csv"],"assets/files/mG-52F4_gBrian_20230622.csv":["assets/files/mG-52F4_gBrian_20230622.csv"],"assets/icon/icon.png":["assets/icon/icon.png"],"assets/images/.DS_Store":["assets/images/.DS_Store"],"assets/images/assistant_logo.png":["assets/images/assistant_logo.png"],"assets/images/clinician_logo.png":["assets/images/clinician_logo.png"],"assets/images/icon-stethoscope.png":["assets/images/icon-stethoscope.png"],"assets/images/insight_icon.png":["assets/images/insight_icon.png"],"assets/images/llpr_logo_no_bg.png":["assets/images/llpr_logo_no_bg.png"],"assets/images/mgain.png":["assets/images/mgain.png"],"assets/images/pie_icon.png":["assets/images/pie_icon.png"],"assets/images/pie_slice_icon.png":["assets/images/pie_slice_icon.png"],"assets/images/sig_diff_down_icon.png":["assets/images/sig_diff_down_icon.png"],"assets/images/sig_diff_up_icon.png":["assets/images/sig_diff_up_icon.png"],"assets/images/single_arrow_down.png":["assets/images/single_arrow_down.png"],"assets/images/single_arrow_up.png":["assets/images/single_arrow_up.png"],"assets/images/trend_down_icon.png":["assets/images/trend_down_icon.png"],"assets/images/trend_stable_icon.png":["assets/images/trend_stable_icon.png"],"assets/images/trend_up_icon.png":["assets/images/trend_up_icon.png"],"assets/lottie/data.json":["assets/lottie/data.json"],"assets/lottie/images/img_0.png":["assets/lottie/images/img_0.png"],"assets/lottie/images/img_1.png":["assets/lottie/images/img_1.png"],"assets/lottie/images/img_10.png":["assets/lottie/images/img_10.png"],"assets/lottie/images/img_11.png":["assets/lottie/images/img_11.png"],"assets/lottie/images/img_12.png":["assets/lottie/images/img_12.png"],"assets/lottie/images/img_13.png":["assets/lottie/images/img_13.png"],"assets/lottie/images/img_14.png":["assets/lottie/images/img_14.png"],"assets/lottie/images/img_15.png":["assets/lottie/images/img_15.png"],"assets/lottie/images/img_16.png":["assets/lottie/images/img_16.png"],"assets/lottie/images/img_17.png":["assets/lottie/images/img_17.png"],"assets/lottie/images/img_18.png":["assets/lottie/images/img_18.png"],"assets/lottie/images/img_19.png":["assets/lottie/images/img_19.png"],"assets/lottie/images/img_2.png":["assets/lottie/images/img_2.png"],"assets/lottie/images/img_20.png":["assets/lottie/images/img_20.png"],"assets/lottie/images/img_21.png":["assets/lottie/images/img_21.png"],"assets/lottie/images/img_22.png":["assets/lottie/images/img_22.png"],"assets/lottie/images/img_23.png":["assets/lottie/images/img_23.png"],"assets/lottie/images/img_24.png":["assets/lottie/images/img_24.png"],"assets/lottie/images/img_25.png":["assets/lottie/images/img_25.png"],"assets/lottie/images/img_26.png":["assets/lottie/images/img_26.png"],"assets/lottie/images/img_27.png":["assets/lottie/images/img_27.png"],"assets/lottie/images/img_28.png":["assets/lottie/images/img_28.png"],"assets/lottie/images/img_29.png":["assets/lottie/images/img_29.png"],"assets/lottie/images/img_3.png":["assets/lottie/images/img_3.png"],"assets/lottie/images/img_30.png":["assets/lottie/images/img_30.png"],"assets/lottie/images/img_31.png":["assets/lottie/images/img_31.png"],"assets/lottie/images/img_32.png":["assets/lottie/images/img_32.png"],"assets/lottie/images/img_33.png":["assets/lottie/images/img_33.png"],"assets/lottie/images/img_34.png":["assets/lottie/images/img_34.png"],"assets/lottie/images/img_35.png":["assets/lottie/images/img_35.png"],"assets/lottie/images/img_36.png":["assets/lottie/images/img_36.png"],"assets/lottie/images/img_37.png":["assets/lottie/images/img_37.png"],"assets/lottie/images/img_38.png":["assets/lottie/images/img_38.png"],"assets/lottie/images/img_39.png":["assets/lottie/images/img_39.png"],"assets/lottie/images/img_4.png":["assets/lottie/images/img_4.png"],"assets/lottie/images/img_40.png":["assets/lottie/images/img_40.png"],"assets/lottie/images/img_41.png":["assets/lottie/images/img_41.png"],"assets/lottie/images/img_42.png":["assets/lottie/images/img_42.png"],"assets/lottie/images/img_43.png":["assets/lottie/images/img_43.png"],"assets/lottie/images/img_44.png":["assets/lottie/images/img_44.png"],"assets/lottie/images/img_45.png":["assets/lottie/images/img_45.png"],"assets/lottie/images/img_46.png":["assets/lottie/images/img_46.png"],"assets/lottie/images/img_47.png":["assets/lottie/images/img_47.png"],"assets/lottie/images/img_48.png":["assets/lottie/images/img_48.png"],"assets/lottie/images/img_49.png":["assets/lottie/images/img_49.png"],"assets/lottie/images/img_5.png":["assets/lottie/images/img_5.png"],"assets/lottie/images/img_50.png":["assets/lottie/images/img_50.png"],"assets/lottie/images/img_51.png":["assets/lottie/images/img_51.png"],"assets/lottie/images/img_52.png":["assets/lottie/images/img_52.png"],"assets/lottie/images/img_53.png":["assets/lottie/images/img_53.png"],"assets/lottie/images/img_54.png":["assets/lottie/images/img_54.png"],"assets/lottie/images/img_55.png":["assets/lottie/images/img_55.png"],"assets/lottie/images/img_56.png":["assets/lottie/images/img_56.png"],"assets/lottie/images/img_57.png":["assets/lottie/images/img_57.png"],"assets/lottie/images/img_58.png":["assets/lottie/images/img_58.png"],"assets/lottie/images/img_59.png":["assets/lottie/images/img_59.png"],"assets/lottie/images/img_6.png":["assets/lottie/images/img_6.png"],"assets/lottie/images/img_60.png":["assets/lottie/images/img_60.png"],"assets/lottie/images/img_61.png":["assets/lottie/images/img_61.png"],"assets/lottie/images/img_62.png":["assets/lottie/images/img_62.png"],"assets/lottie/images/img_63.png":["assets/lottie/images/img_63.png"],"assets/lottie/images/img_64.png":["assets/lottie/images/img_64.png"],"assets/lottie/images/img_65.png":["assets/lottie/images/img_65.png"],"assets/lottie/images/img_66.png":["assets/lottie/images/img_66.png"],"assets/lottie/images/img_67.png":["assets/lottie/images/img_67.png"],"assets/lottie/images/img_68.png":["assets/lottie/images/img_68.png"],"assets/lottie/images/img_69.png":["assets/lottie/images/img_69.png"],"assets/lottie/images/img_7.png":["assets/lottie/images/img_7.png"],"assets/lottie/images/img_70.png":["assets/lottie/images/img_70.png"],"assets/lottie/images/img_71.png":["assets/lottie/images/img_71.png"],"assets/lottie/images/img_72.png":["assets/lottie/images/img_72.png"],"assets/lottie/images/img_73.png":["assets/lottie/images/img_73.png"],"assets/lottie/images/img_74.png":["assets/lottie/images/img_74.png"],"assets/lottie/images/img_75.png":["assets/lottie/images/img_75.png"],"assets/lottie/images/img_76.png":["assets/lottie/images/img_76.png"],"assets/lottie/images/img_77.png":["assets/lottie/images/img_77.png"],"assets/lottie/images/img_78.png":["assets/lottie/images/img_78.png"],"assets/lottie/images/img_79.png":["assets/lottie/images/img_79.png"],"assets/lottie/images/img_8.png":["assets/lottie/images/img_8.png"],"assets/lottie/images/img_80.png":["assets/lottie/images/img_80.png"],"assets/lottie/images/img_81.png":["assets/lottie/images/img_81.png"],"assets/lottie/images/img_82.png":["assets/lottie/images/img_82.png"],"assets/lottie/images/img_83.png":["assets/lottie/images/img_83.png"],"assets/lottie/images/img_84.png":["assets/lottie/images/img_84.png"],"assets/lottie/images/img_85.png":["assets/lottie/images/img_85.png"],"assets/lottie/images/img_86.png":["assets/lottie/images/img_86.png"],"assets/lottie/images/img_87.png":["assets/lottie/images/img_87.png"],"assets/lottie/images/img_88.png":["assets/lottie/images/img_88.png"],"assets/lottie/images/img_89.png":["assets/lottie/images/img_89.png"],"assets/lottie/images/img_9.png":["assets/lottie/images/img_9.png"],"assets/translations/en.json":["assets/translations/en.json"],"assets/translations/es.json":["assets/translations/es.json"],"packages/comet_foundation/images/AMP_interp.png":["packages/comet_foundation/images/AMP_interp.png"],"packages/comet_foundation/images/COMET_logo.png":["packages/comet_foundation/images/COMET_logo.png"],"packages/comet_foundation/images/FSST_setup.png":["packages/comet_foundation/images/FSST_setup.png"],"packages/comet_foundation/images/FSST_setup_es.png":["packages/comet_foundation/images/FSST_setup_es.png"],"packages/comet_foundation/images/atscale.png":["packages/comet_foundation/images/atscale.png"],"packages/comet_foundation/images/compass.png":["packages/comet_foundation/images/compass.png"],"packages/comet_foundation/images/ispo.png":["packages/comet_foundation/images/ispo.png"],"packages/comet_foundation/images/oi-logo.png":["packages/comet_foundation/images/oi-logo.png"],"packages/comet_foundation/images/smartpo-logo.png":["packages/comet_foundation/images/smartpo-logo.png"],"packages/comet_foundation/outcome_measurement_tests/amp_info.json":["packages/comet_foundation/outcome_measurement_tests/amp_info.json"],"packages/comet_foundation/outcome_measurement_tests/amp_questions.json":["packages/comet_foundation/outcome_measurement_tests/amp_questions.json"],"packages/comet_foundation/outcome_measurement_tests/dash_info.json":["packages/comet_foundation/outcome_measurement_tests/dash_info.json"],"packages/comet_foundation/outcome_measurement_tests/dash_info_es.json":["packages/comet_foundation/outcome_measurement_tests/dash_info_es.json"],"packages/comet_foundation/outcome_measurement_tests/dash_questions.json":["packages/comet_foundation/outcome_measurement_tests/dash_questions.json"],"packages/comet_foundation/outcome_measurement_tests/dash_questions_es.json":["packages/comet_foundation/outcome_measurement_tests/dash_questions_es.json"],"packages/comet_foundation/outcome_measurement_tests/default_collection.json":["packages/comet_foundation/outcome_measurement_tests/default_collection.json"],"packages/comet_foundation/outcome_measurement_tests/eq5d_5l_info.json":["packages/comet_foundation/outcome_measurement_tests/eq5d_5l_info.json"],"packages/comet_foundation/outcome_measurement_tests/eq5d_5l_questions.json":["packages/comet_foundation/outcome_measurement_tests/eq5d_5l_questions.json"],"packages/comet_foundation/outcome_measurement_tests/faam_info.json":["packages/comet_foundation/outcome_measurement_tests/faam_info.json"],"packages/comet_foundation/outcome_measurement_tests/faam_info_es.json":["packages/comet_foundation/outcome_measurement_tests/faam_info_es.json"],"packages/comet_foundation/outcome_measurement_tests/faam_questions.json":["packages/comet_foundation/outcome_measurement_tests/faam_questions.json"],"packages/comet_foundation/outcome_measurement_tests/faam_questions_es.json":["packages/comet_foundation/outcome_measurement_tests/faam_questions_es.json"],"packages/comet_foundation/outcome_measurement_tests/fh_info.json":["packages/comet_foundation/outcome_measurement_tests/fh_info.json"],"packages/comet_foundation/outcome_measurement_tests/fh_questions.json":["packages/comet_foundation/outcome_measurement_tests/fh_questions.json"],"packages/comet_foundation/outcome_measurement_tests/fsst_info.json":["packages/comet_foundation/outcome_measurement_tests/fsst_info.json"],"packages/comet_foundation/outcome_measurement_tests/fsst_questions.json":["packages/comet_foundation/outcome_measurement_tests/fsst_questions.json"],"packages/comet_foundation/outcome_measurement_tests/lefs_info.json":["packages/comet_foundation/outcome_measurement_tests/lefs_info.json"],"packages/comet_foundation/outcome_measurement_tests/lefs_questions.json":["packages/comet_foundation/outcome_measurement_tests/lefs_questions.json"],"packages/comet_foundation/outcome_measurement_tests/nprs_info.json":["packages/comet_foundation/outcome_measurement_tests/nprs_info.json"],"packages/comet_foundation/outcome_measurement_tests/nprs_questions.json":["packages/comet_foundation/outcome_measurement_tests/nprs_questions.json"],"packages/comet_foundation/outcome_measurement_tests/oms_info.json":["packages/comet_foundation/outcome_measurement_tests/oms_info.json"],"packages/comet_foundation/outcome_measurement_tests/oms_questions.json":["packages/comet_foundation/outcome_measurement_tests/oms_questions.json"],"packages/comet_foundation/outcome_measurement_tests/opus_lefs_info.json":["packages/comet_foundation/outcome_measurement_tests/opus_lefs_info.json"],"packages/comet_foundation/outcome_measurement_tests/opus_lefs_questions.json":["packages/comet_foundation/outcome_measurement_tests/opus_lefs_questions.json"],"packages/comet_foundation/outcome_measurement_tests/outcome_measures.json":["packages/comet_foundation/outcome_measurement_tests/outcome_measures.json"],"packages/comet_foundation/outcome_measurement_tests/outcome_measures_es.json":["packages/comet_foundation/outcome_measurement_tests/outcome_measures_es.json"],"packages/comet_foundation/outcome_measurement_tests/outcome_measures_test.json":["packages/comet_foundation/outcome_measurement_tests/outcome_measures_test.json"],"packages/comet_foundation/outcome_measurement_tests/peq_rl_info.json":["packages/comet_foundation/outcome_measurement_tests/peq_rl_info.json"],"packages/comet_foundation/outcome_measurement_tests/peq_rl_questions.json":["packages/comet_foundation/outcome_measurement_tests/peq_rl_questions.json"],"packages/comet_foundation/outcome_measurement_tests/peq_ut_info.json":["packages/comet_foundation/outcome_measurement_tests/peq_ut_info.json"],"packages/comet_foundation/outcome_measurement_tests/peq_ut_questions.json":["packages/comet_foundation/outcome_measurement_tests/peq_ut_questions.json"],"packages/comet_foundation/outcome_measurement_tests/pmq_info.json":["packages/comet_foundation/outcome_measurement_tests/pmq_info.json"],"packages/comet_foundation/outcome_measurement_tests/pmq_info_es.json":["packages/comet_foundation/outcome_measurement_tests/pmq_info_es.json"],"packages/comet_foundation/outcome_measurement_tests/pmq_questions.json":["packages/comet_foundation/outcome_measurement_tests/pmq_questions.json"],"packages/comet_foundation/outcome_measurement_tests/pmq_questions_es.json":["packages/comet_foundation/outcome_measurement_tests/pmq_questions_es.json"],"packages/comet_foundation/outcome_measurement_tests/progait_info.json":["packages/comet_foundation/outcome_measurement_tests/progait_info.json"],"packages/comet_foundation/outcome_measurement_tests/promispi_info.json":["packages/comet_foundation/outcome_measurement_tests/promispi_info.json"],"packages/comet_foundation/outcome_measurement_tests/promispi_info_es.json":["packages/comet_foundation/outcome_measurement_tests/promispi_info_es.json"],"packages/comet_foundation/outcome_measurement_tests/promispi_questions.json":["packages/comet_foundation/outcome_measurement_tests/promispi_questions.json"],"packages/comet_foundation/outcome_measurement_tests/promispi_questions_es.json":["packages/comet_foundation/outcome_measurement_tests/promispi_questions_es.json"],"packages/comet_foundation/outcome_measurement_tests/psfs_info.json":["packages/comet_foundation/outcome_measurement_tests/psfs_info.json"],"packages/comet_foundation/outcome_measurement_tests/psfs_info_es.json":["packages/comet_foundation/outcome_measurement_tests/psfs_info_es.json"],"packages/comet_foundation/outcome_measurement_tests/psfs_questions.json":["packages/comet_foundation/outcome_measurement_tests/psfs_questions.json"],"packages/comet_foundation/outcome_measurement_tests/psfs_questions_es.json":["packages/comet_foundation/outcome_measurement_tests/psfs_questions_es.json"],"packages/comet_foundation/outcome_measurement_tests/psq_info.json":["packages/comet_foundation/outcome_measurement_tests/psq_info.json"],"packages/comet_foundation/outcome_measurement_tests/psq_questions.json":["packages/comet_foundation/outcome_measurement_tests/psq_questions.json"],"packages/comet_foundation/outcome_measurement_tests/scs_info.json":["packages/comet_foundation/outcome_measurement_tests/scs_info.json"],"packages/comet_foundation/outcome_measurement_tests/scs_info_es.json":["packages/comet_foundation/outcome_measurement_tests/scs_info_es.json"],"packages/comet_foundation/outcome_measurement_tests/scs_questions.json":["packages/comet_foundation/outcome_measurement_tests/scs_questions.json"],"packages/comet_foundation/outcome_measurement_tests/scs_questions_es.json":["packages/comet_foundation/outcome_measurement_tests/scs_questions_es.json"],"packages/comet_foundation/outcome_measurement_tests/sminwt_info.json":["packages/comet_foundation/outcome_measurement_tests/sminwt_info.json"],"packages/comet_foundation/outcome_measurement_tests/sminwt_questions.json":["packages/comet_foundation/outcome_measurement_tests/sminwt_questions.json"],"packages/comet_foundation/outcome_measurement_tests/tapes_r_info.json":["packages/comet_foundation/outcome_measurement_tests/tapes_r_info.json"],"packages/comet_foundation/outcome_measurement_tests/tapes_r_questions.json":["packages/comet_foundation/outcome_measurement_tests/tapes_r_questions.json"],"packages/comet_foundation/outcome_measurement_tests/tminwt_info.json":["packages/comet_foundation/outcome_measurement_tests/tminwt_info.json"],"packages/comet_foundation/outcome_measurement_tests/tminwt_questions.json":["packages/comet_foundation/outcome_measurement_tests/tminwt_questions.json"],"packages/comet_foundation/outcome_measurement_tests/tmwt_info.json":["packages/comet_foundation/outcome_measurement_tests/tmwt_info.json"],"packages/comet_foundation/outcome_measurement_tests/tmwt_info_es.json":["packages/comet_foundation/outcome_measurement_tests/tmwt_info_es.json"],"packages/comet_foundation/outcome_measurement_tests/tmwt_questions.json":["packages/comet_foundation/outcome_measurement_tests/tmwt_questions.json"],"packages/comet_foundation/outcome_measurement_tests/tmwt_questions_es.json":["packages/comet_foundation/outcome_measurement_tests/tmwt_questions_es.json"],"packages/comet_foundation/outcome_measurement_tests/tug_info.json":["packages/comet_foundation/outcome_measurement_tests/tug_info.json"],"packages/comet_foundation/outcome_measurement_tests/tug_info_es.json":["packages/comet_foundation/outcome_measurement_tests/tug_info_es.json"],"packages/comet_foundation/outcome_measurement_tests/tug_questions.json":["packages/comet_foundation/outcome_measurement_tests/tug_questions.json"],"packages/comet_foundation/outcome_measurement_tests/tug_questions_es.json":["packages/comet_foundation/outcome_measurement_tests/tug_questions_es.json"],"packages/comet_foundation/outcome_measurement_tests/uefi_info.json":["packages/comet_foundation/outcome_measurement_tests/uefi_info.json"],"packages/comet_foundation/outcome_measurement_tests/uefi_questions.json":["packages/comet_foundation/outcome_measurement_tests/uefi_questions.json"],"packages/comet_foundation/pdf/amp_en.pdf":["packages/comet_foundation/pdf/amp_en.pdf"],"packages/comet_foundation/pdf/blank.pdf":["packages/comet_foundation/pdf/blank.pdf"],"packages/comet_foundation/pdf/client_page.pdf":["packages/comet_foundation/pdf/client_page.pdf"],"packages/comet_foundation/pdf/cover.pdf":["packages/comet_foundation/pdf/cover.pdf"],"packages/comet_foundation/pdf/dash_en.pdf":["packages/comet_foundation/pdf/dash_en.pdf"],"packages/comet_foundation/pdf/dash_es.pdf":["packages/comet_foundation/pdf/dash_es.pdf"],"packages/comet_foundation/pdf/episode_of_care_page.pdf":["packages/comet_foundation/pdf/episode_of_care_page.pdf"],"packages/comet_foundation/pdf/eq5d_5l_en.pdf":["packages/comet_foundation/pdf/eq5d_5l_en.pdf"],"packages/comet_foundation/pdf/faam_en.pdf":["packages/comet_foundation/pdf/faam_en.pdf"],"packages/comet_foundation/pdf/faam_es.pdf":["packages/comet_foundation/pdf/faam_es.pdf"],"packages/comet_foundation/pdf/fh_en.pdf":["packages/comet_foundation/pdf/fh_en.pdf"],"packages/comet_foundation/pdf/fsst_en.pdf":["packages/comet_foundation/pdf/fsst_en.pdf"],"packages/comet_foundation/pdf/lefs_en.pdf":["packages/comet_foundation/pdf/lefs_en.pdf"],"packages/comet_foundation/pdf/nprs_en.pdf":["packages/comet_foundation/pdf/nprs_en.pdf"],"packages/comet_foundation/pdf/oms_en.pdf":["packages/comet_foundation/pdf/oms_en.pdf"],"packages/comet_foundation/pdf/peq_rl_en.pdf":["packages/comet_foundation/pdf/peq_rl_en.pdf"],"packages/comet_foundation/pdf/peq_ut_en.pdf":["packages/comet_foundation/pdf/peq_ut_en.pdf"],"packages/comet_foundation/pdf/pmq_en.pdf":["packages/comet_foundation/pdf/pmq_en.pdf"],"packages/comet_foundation/pdf/pmq_es.pdf":["packages/comet_foundation/pdf/pmq_es.pdf"],"packages/comet_foundation/pdf/pre_post_page.pdf":["packages/comet_foundation/pdf/pre_post_page.pdf"],"packages/comet_foundation/pdf/promispi_en.pdf":["packages/comet_foundation/pdf/promispi_en.pdf"],"packages/comet_foundation/pdf/promispi_es.pdf":["packages/comet_foundation/pdf/promispi_es.pdf"],"packages/comet_foundation/pdf/psfs_en.pdf":["packages/comet_foundation/pdf/psfs_en.pdf"],"packages/comet_foundation/pdf/psfs_es.pdf":["packages/comet_foundation/pdf/psfs_es.pdf"],"packages/comet_foundation/pdf/psq_en.pdf":["packages/comet_foundation/pdf/psq_en.pdf"],"packages/comet_foundation/pdf/scs_en.pdf":["packages/comet_foundation/pdf/scs_en.pdf"],"packages/comet_foundation/pdf/scs_es.pdf":["packages/comet_foundation/pdf/scs_es.pdf"],"packages/comet_foundation/pdf/sminwt_en.pdf":["packages/comet_foundation/pdf/sminwt_en.pdf"],"packages/comet_foundation/pdf/tapes_r_en.pdf":["packages/comet_foundation/pdf/tapes_r_en.pdf"],"packages/comet_foundation/pdf/tminwt_en.pdf":["packages/comet_foundation/pdf/tminwt_en.pdf"],"packages/comet_foundation/pdf/tmwt_en.pdf":["packages/comet_foundation/pdf/tmwt_en.pdf"],"packages/comet_foundation/pdf/tmwt_es.pdf":["packages/comet_foundation/pdf/tmwt_es.pdf"],"packages/comet_foundation/pdf/tug_en.pdf":["packages/comet_foundation/pdf/tug_en.pdf"],"packages/comet_foundation/pdf/tug_es.pdf":["packages/comet_foundation/pdf/tug_es.pdf"],"packages/comet_foundation/pdf/uefi_en.pdf":["packages/comet_foundation/pdf/uefi_en.pdf"],"packages/comet_foundation/translations/en.json":["packages/comet_foundation/translations/en.json"],"packages/comet_foundation/translations/es.json":["packages/comet_foundation/translations/es.json"],"packages/country_pickers/assets/ad.png":["packages/country_pickers/assets/ad.png"],"packages/country_pickers/assets/ae.png":["packages/country_pickers/assets/ae.png"],"packages/country_pickers/assets/af.png":["packages/country_pickers/assets/af.png"],"packages/country_pickers/assets/ag.png":["packages/country_pickers/assets/ag.png"],"packages/country_pickers/assets/ai.png":["packages/country_pickers/assets/ai.png"],"packages/country_pickers/assets/al.png":["packages/country_pickers/assets/al.png"],"packages/country_pickers/assets/am.png":["packages/country_pickers/assets/am.png"],"packages/country_pickers/assets/an.png":["packages/country_pickers/assets/an.png"],"packages/country_pickers/assets/ao.png":["packages/country_pickers/assets/ao.png"],"packages/country_pickers/assets/aq.png":["packages/country_pickers/assets/aq.png"],"packages/country_pickers/assets/ar.png":["packages/country_pickers/assets/ar.png"],"packages/country_pickers/assets/as.png":["packages/country_pickers/assets/as.png"],"packages/country_pickers/assets/at.png":["packages/country_pickers/assets/at.png"],"packages/country_pickers/assets/au.png":["packages/country_pickers/assets/au.png"],"packages/country_pickers/assets/aw.png":["packages/country_pickers/assets/aw.png"],"packages/country_pickers/assets/ax.png":["packages/country_pickers/assets/ax.png"],"packages/country_pickers/assets/az.png":["packages/country_pickers/assets/az.png"],"packages/country_pickers/assets/ba.png":["packages/country_pickers/assets/ba.png"],"packages/country_pickers/assets/bb.png":["packages/country_pickers/assets/bb.png"],"packages/country_pickers/assets/bd.png":["packages/country_pickers/assets/bd.png"],"packages/country_pickers/assets/be.png":["packages/country_pickers/assets/be.png"],"packages/country_pickers/assets/bf.png":["packages/country_pickers/assets/bf.png"],"packages/country_pickers/assets/bg.png":["packages/country_pickers/assets/bg.png"],"packages/country_pickers/assets/bh.png":["packages/country_pickers/assets/bh.png"],"packages/country_pickers/assets/bi.png":["packages/country_pickers/assets/bi.png"],"packages/country_pickers/assets/bj.png":["packages/country_pickers/assets/bj.png"],"packages/country_pickers/assets/bl.png":["packages/country_pickers/assets/bl.png"],"packages/country_pickers/assets/bm.png":["packages/country_pickers/assets/bm.png"],"packages/country_pickers/assets/bn.png":["packages/country_pickers/assets/bn.png"],"packages/country_pickers/assets/bo.png":["packages/country_pickers/assets/bo.png"],"packages/country_pickers/assets/bq.png":["packages/country_pickers/assets/bq.png"],"packages/country_pickers/assets/br.png":["packages/country_pickers/assets/br.png"],"packages/country_pickers/assets/bs.png":["packages/country_pickers/assets/bs.png"],"packages/country_pickers/assets/bt.png":["packages/country_pickers/assets/bt.png"],"packages/country_pickers/assets/bv.png":["packages/country_pickers/assets/bv.png"],"packages/country_pickers/assets/bw.png":["packages/country_pickers/assets/bw.png"],"packages/country_pickers/assets/by.png":["packages/country_pickers/assets/by.png"],"packages/country_pickers/assets/bz.png":["packages/country_pickers/assets/bz.png"],"packages/country_pickers/assets/ca.png":["packages/country_pickers/assets/ca.png"],"packages/country_pickers/assets/cc.png":["packages/country_pickers/assets/cc.png"],"packages/country_pickers/assets/cd.png":["packages/country_pickers/assets/cd.png"],"packages/country_pickers/assets/cf.png":["packages/country_pickers/assets/cf.png"],"packages/country_pickers/assets/cg.png":["packages/country_pickers/assets/cg.png"],"packages/country_pickers/assets/ch.png":["packages/country_pickers/assets/ch.png"],"packages/country_pickers/assets/ci.png":["packages/country_pickers/assets/ci.png"],"packages/country_pickers/assets/ck.png":["packages/country_pickers/assets/ck.png"],"packages/country_pickers/assets/cl.png":["packages/country_pickers/assets/cl.png"],"packages/country_pickers/assets/cm.png":["packages/country_pickers/assets/cm.png"],"packages/country_pickers/assets/cn.png":["packages/country_pickers/assets/cn.png"],"packages/country_pickers/assets/co.png":["packages/country_pickers/assets/co.png"],"packages/country_pickers/assets/cr.png":["packages/country_pickers/assets/cr.png"],"packages/country_pickers/assets/cu.png":["packages/country_pickers/assets/cu.png"],"packages/country_pickers/assets/cv.png":["packages/country_pickers/assets/cv.png"],"packages/country_pickers/assets/cw.png":["packages/country_pickers/assets/cw.png"],"packages/country_pickers/assets/cx.png":["packages/country_pickers/assets/cx.png"],"packages/country_pickers/assets/cy.png":["packages/country_pickers/assets/cy.png"],"packages/country_pickers/assets/cz.png":["packages/country_pickers/assets/cz.png"],"packages/country_pickers/assets/de.png":["packages/country_pickers/assets/de.png"],"packages/country_pickers/assets/dj.png":["packages/country_pickers/assets/dj.png"],"packages/country_pickers/assets/dk.png":["packages/country_pickers/assets/dk.png"],"packages/country_pickers/assets/dm.png":["packages/country_pickers/assets/dm.png"],"packages/country_pickers/assets/do.png":["packages/country_pickers/assets/do.png"],"packages/country_pickers/assets/dz.png":["packages/country_pickers/assets/dz.png"],"packages/country_pickers/assets/ec.png":["packages/country_pickers/assets/ec.png"],"packages/country_pickers/assets/ee.png":["packages/country_pickers/assets/ee.png"],"packages/country_pickers/assets/eg.png":["packages/country_pickers/assets/eg.png"],"packages/country_pickers/assets/eh.png":["packages/country_pickers/assets/eh.png"],"packages/country_pickers/assets/er.png":["packages/country_pickers/assets/er.png"],"packages/country_pickers/assets/es.png":["packages/country_pickers/assets/es.png"],"packages/country_pickers/assets/et.png":["packages/country_pickers/assets/et.png"],"packages/country_pickers/assets/eu.png":["packages/country_pickers/assets/eu.png"],"packages/country_pickers/assets/fi.png":["packages/country_pickers/assets/fi.png"],"packages/country_pickers/assets/fj.png":["packages/country_pickers/assets/fj.png"],"packages/country_pickers/assets/fk.png":["packages/country_pickers/assets/fk.png"],"packages/country_pickers/assets/fm.png":["packages/country_pickers/assets/fm.png"],"packages/country_pickers/assets/fo.png":["packages/country_pickers/assets/fo.png"],"packages/country_pickers/assets/fr.png":["packages/country_pickers/assets/fr.png"],"packages/country_pickers/assets/ga.png":["packages/country_pickers/assets/ga.png"],"packages/country_pickers/assets/gb-eng.png":["packages/country_pickers/assets/gb-eng.png"],"packages/country_pickers/assets/gb-nir.png":["packages/country_pickers/assets/gb-nir.png"],"packages/country_pickers/assets/gb-sct.png":["packages/country_pickers/assets/gb-sct.png"],"packages/country_pickers/assets/gb-wls.png":["packages/country_pickers/assets/gb-wls.png"],"packages/country_pickers/assets/gb.png":["packages/country_pickers/assets/gb.png"],"packages/country_pickers/assets/gd.png":["packages/country_pickers/assets/gd.png"],"packages/country_pickers/assets/ge.png":["packages/country_pickers/assets/ge.png"],"packages/country_pickers/assets/gf.png":["packages/country_pickers/assets/gf.png"],"packages/country_pickers/assets/gg.png":["packages/country_pickers/assets/gg.png"],"packages/country_pickers/assets/gh.png":["packages/country_pickers/assets/gh.png"],"packages/country_pickers/assets/gi.png":["packages/country_pickers/assets/gi.png"],"packages/country_pickers/assets/gl.png":["packages/country_pickers/assets/gl.png"],"packages/country_pickers/assets/gm.png":["packages/country_pickers/assets/gm.png"],"packages/country_pickers/assets/gn.png":["packages/country_pickers/assets/gn.png"],"packages/country_pickers/assets/gp.png":["packages/country_pickers/assets/gp.png"],"packages/country_pickers/assets/gq.png":["packages/country_pickers/assets/gq.png"],"packages/country_pickers/assets/gr.png":["packages/country_pickers/assets/gr.png"],"packages/country_pickers/assets/gs.png":["packages/country_pickers/assets/gs.png"],"packages/country_pickers/assets/gt.png":["packages/country_pickers/assets/gt.png"],"packages/country_pickers/assets/gu.png":["packages/country_pickers/assets/gu.png"],"packages/country_pickers/assets/gw.png":["packages/country_pickers/assets/gw.png"],"packages/country_pickers/assets/gy.png":["packages/country_pickers/assets/gy.png"],"packages/country_pickers/assets/hk.png":["packages/country_pickers/assets/hk.png"],"packages/country_pickers/assets/hm.png":["packages/country_pickers/assets/hm.png"],"packages/country_pickers/assets/hn.png":["packages/country_pickers/assets/hn.png"],"packages/country_pickers/assets/hr.png":["packages/country_pickers/assets/hr.png"],"packages/country_pickers/assets/ht.png":["packages/country_pickers/assets/ht.png"],"packages/country_pickers/assets/hu.png":["packages/country_pickers/assets/hu.png"],"packages/country_pickers/assets/id.png":["packages/country_pickers/assets/id.png"],"packages/country_pickers/assets/ie.png":["packages/country_pickers/assets/ie.png"],"packages/country_pickers/assets/il.png":["packages/country_pickers/assets/il.png"],"packages/country_pickers/assets/im.png":["packages/country_pickers/assets/im.png"],"packages/country_pickers/assets/in.png":["packages/country_pickers/assets/in.png"],"packages/country_pickers/assets/io.png":["packages/country_pickers/assets/io.png"],"packages/country_pickers/assets/iq.png":["packages/country_pickers/assets/iq.png"],"packages/country_pickers/assets/ir.png":["packages/country_pickers/assets/ir.png"],"packages/country_pickers/assets/is.png":["packages/country_pickers/assets/is.png"],"packages/country_pickers/assets/it.png":["packages/country_pickers/assets/it.png"],"packages/country_pickers/assets/je.png":["packages/country_pickers/assets/je.png"],"packages/country_pickers/assets/jm.png":["packages/country_pickers/assets/jm.png"],"packages/country_pickers/assets/jo.png":["packages/country_pickers/assets/jo.png"],"packages/country_pickers/assets/jp.png":["packages/country_pickers/assets/jp.png"],"packages/country_pickers/assets/ke.png":["packages/country_pickers/assets/ke.png"],"packages/country_pickers/assets/kg.png":["packages/country_pickers/assets/kg.png"],"packages/country_pickers/assets/kh.png":["packages/country_pickers/assets/kh.png"],"packages/country_pickers/assets/ki.png":["packages/country_pickers/assets/ki.png"],"packages/country_pickers/assets/km.png":["packages/country_pickers/assets/km.png"],"packages/country_pickers/assets/kn.png":["packages/country_pickers/assets/kn.png"],"packages/country_pickers/assets/kp.png":["packages/country_pickers/assets/kp.png"],"packages/country_pickers/assets/kr.png":["packages/country_pickers/assets/kr.png"],"packages/country_pickers/assets/kw.png":["packages/country_pickers/assets/kw.png"],"packages/country_pickers/assets/ky.png":["packages/country_pickers/assets/ky.png"],"packages/country_pickers/assets/kz.png":["packages/country_pickers/assets/kz.png"],"packages/country_pickers/assets/la.png":["packages/country_pickers/assets/la.png"],"packages/country_pickers/assets/lb.png":["packages/country_pickers/assets/lb.png"],"packages/country_pickers/assets/lc.png":["packages/country_pickers/assets/lc.png"],"packages/country_pickers/assets/li.png":["packages/country_pickers/assets/li.png"],"packages/country_pickers/assets/lk.png":["packages/country_pickers/assets/lk.png"],"packages/country_pickers/assets/lr.png":["packages/country_pickers/assets/lr.png"],"packages/country_pickers/assets/ls.png":["packages/country_pickers/assets/ls.png"],"packages/country_pickers/assets/lt.png":["packages/country_pickers/assets/lt.png"],"packages/country_pickers/assets/lu.png":["packages/country_pickers/assets/lu.png"],"packages/country_pickers/assets/lv.png":["packages/country_pickers/assets/lv.png"],"packages/country_pickers/assets/ly.png":["packages/country_pickers/assets/ly.png"],"packages/country_pickers/assets/ma.png":["packages/country_pickers/assets/ma.png"],"packages/country_pickers/assets/mc.png":["packages/country_pickers/assets/mc.png"],"packages/country_pickers/assets/md.png":["packages/country_pickers/assets/md.png"],"packages/country_pickers/assets/me.png":["packages/country_pickers/assets/me.png"],"packages/country_pickers/assets/mf.png":["packages/country_pickers/assets/mf.png"],"packages/country_pickers/assets/mg.png":["packages/country_pickers/assets/mg.png"],"packages/country_pickers/assets/mh.png":["packages/country_pickers/assets/mh.png"],"packages/country_pickers/assets/mk.png":["packages/country_pickers/assets/mk.png"],"packages/country_pickers/assets/ml.png":["packages/country_pickers/assets/ml.png"],"packages/country_pickers/assets/mm.png":["packages/country_pickers/assets/mm.png"],"packages/country_pickers/assets/mn.png":["packages/country_pickers/assets/mn.png"],"packages/country_pickers/assets/mo.png":["packages/country_pickers/assets/mo.png"],"packages/country_pickers/assets/mp.png":["packages/country_pickers/assets/mp.png"],"packages/country_pickers/assets/mq.png":["packages/country_pickers/assets/mq.png"],"packages/country_pickers/assets/mr.png":["packages/country_pickers/assets/mr.png"],"packages/country_pickers/assets/ms.png":["packages/country_pickers/assets/ms.png"],"packages/country_pickers/assets/mt.png":["packages/country_pickers/assets/mt.png"],"packages/country_pickers/assets/mu.png":["packages/country_pickers/assets/mu.png"],"packages/country_pickers/assets/mv.png":["packages/country_pickers/assets/mv.png"],"packages/country_pickers/assets/mw.png":["packages/country_pickers/assets/mw.png"],"packages/country_pickers/assets/mx.png":["packages/country_pickers/assets/mx.png"],"packages/country_pickers/assets/my.png":["packages/country_pickers/assets/my.png"],"packages/country_pickers/assets/mz.png":["packages/country_pickers/assets/mz.png"],"packages/country_pickers/assets/na.png":["packages/country_pickers/assets/na.png"],"packages/country_pickers/assets/nc.png":["packages/country_pickers/assets/nc.png"],"packages/country_pickers/assets/ne.png":["packages/country_pickers/assets/ne.png"],"packages/country_pickers/assets/nf.png":["packages/country_pickers/assets/nf.png"],"packages/country_pickers/assets/ng.png":["packages/country_pickers/assets/ng.png"],"packages/country_pickers/assets/ni.png":["packages/country_pickers/assets/ni.png"],"packages/country_pickers/assets/nl.png":["packages/country_pickers/assets/nl.png"],"packages/country_pickers/assets/no.png":["packages/country_pickers/assets/no.png"],"packages/country_pickers/assets/np.png":["packages/country_pickers/assets/np.png"],"packages/country_pickers/assets/nr.png":["packages/country_pickers/assets/nr.png"],"packages/country_pickers/assets/nu.png":["packages/country_pickers/assets/nu.png"],"packages/country_pickers/assets/nz.png":["packages/country_pickers/assets/nz.png"],"packages/country_pickers/assets/om.png":["packages/country_pickers/assets/om.png"],"packages/country_pickers/assets/pa.png":["packages/country_pickers/assets/pa.png"],"packages/country_pickers/assets/pe.png":["packages/country_pickers/assets/pe.png"],"packages/country_pickers/assets/pf.png":["packages/country_pickers/assets/pf.png"],"packages/country_pickers/assets/pg.png":["packages/country_pickers/assets/pg.png"],"packages/country_pickers/assets/ph.png":["packages/country_pickers/assets/ph.png"],"packages/country_pickers/assets/pk.png":["packages/country_pickers/assets/pk.png"],"packages/country_pickers/assets/pl.png":["packages/country_pickers/assets/pl.png"],"packages/country_pickers/assets/pm.png":["packages/country_pickers/assets/pm.png"],"packages/country_pickers/assets/pn.png":["packages/country_pickers/assets/pn.png"],"packages/country_pickers/assets/pr.png":["packages/country_pickers/assets/pr.png"],"packages/country_pickers/assets/ps.png":["packages/country_pickers/assets/ps.png"],"packages/country_pickers/assets/pt.png":["packages/country_pickers/assets/pt.png"],"packages/country_pickers/assets/pw.png":["packages/country_pickers/assets/pw.png"],"packages/country_pickers/assets/py.png":["packages/country_pickers/assets/py.png"],"packages/country_pickers/assets/qa.png":["packages/country_pickers/assets/qa.png"],"packages/country_pickers/assets/re.png":["packages/country_pickers/assets/re.png"],"packages/country_pickers/assets/ro.png":["packages/country_pickers/assets/ro.png"],"packages/country_pickers/assets/rs.png":["packages/country_pickers/assets/rs.png"],"packages/country_pickers/assets/ru.png":["packages/country_pickers/assets/ru.png"],"packages/country_pickers/assets/rw.png":["packages/country_pickers/assets/rw.png"],"packages/country_pickers/assets/sa.png":["packages/country_pickers/assets/sa.png"],"packages/country_pickers/assets/sb.png":["packages/country_pickers/assets/sb.png"],"packages/country_pickers/assets/sc.png":["packages/country_pickers/assets/sc.png"],"packages/country_pickers/assets/sd.png":["packages/country_pickers/assets/sd.png"],"packages/country_pickers/assets/se.png":["packages/country_pickers/assets/se.png"],"packages/country_pickers/assets/sg.png":["packages/country_pickers/assets/sg.png"],"packages/country_pickers/assets/sh.png":["packages/country_pickers/assets/sh.png"],"packages/country_pickers/assets/si.png":["packages/country_pickers/assets/si.png"],"packages/country_pickers/assets/sj.png":["packages/country_pickers/assets/sj.png"],"packages/country_pickers/assets/sk.png":["packages/country_pickers/assets/sk.png"],"packages/country_pickers/assets/sl.png":["packages/country_pickers/assets/sl.png"],"packages/country_pickers/assets/sm.png":["packages/country_pickers/assets/sm.png"],"packages/country_pickers/assets/sn.png":["packages/country_pickers/assets/sn.png"],"packages/country_pickers/assets/so.png":["packages/country_pickers/assets/so.png"],"packages/country_pickers/assets/sr.png":["packages/country_pickers/assets/sr.png"],"packages/country_pickers/assets/ss.png":["packages/country_pickers/assets/ss.png"],"packages/country_pickers/assets/st.png":["packages/country_pickers/assets/st.png"],"packages/country_pickers/assets/sv.png":["packages/country_pickers/assets/sv.png"],"packages/country_pickers/assets/sx.png":["packages/country_pickers/assets/sx.png"],"packages/country_pickers/assets/sy.png":["packages/country_pickers/assets/sy.png"],"packages/country_pickers/assets/sz.png":["packages/country_pickers/assets/sz.png"],"packages/country_pickers/assets/tc.png":["packages/country_pickers/assets/tc.png"],"packages/country_pickers/assets/td.png":["packages/country_pickers/assets/td.png"],"packages/country_pickers/assets/tf.png":["packages/country_pickers/assets/tf.png"],"packages/country_pickers/assets/tg.png":["packages/country_pickers/assets/tg.png"],"packages/country_pickers/assets/th.png":["packages/country_pickers/assets/th.png"],"packages/country_pickers/assets/tj.png":["packages/country_pickers/assets/tj.png"],"packages/country_pickers/assets/tk.png":["packages/country_pickers/assets/tk.png"],"packages/country_pickers/assets/tl.png":["packages/country_pickers/assets/tl.png"],"packages/country_pickers/assets/tm.png":["packages/country_pickers/assets/tm.png"],"packages/country_pickers/assets/tn.png":["packages/country_pickers/assets/tn.png"],"packages/country_pickers/assets/to.png":["packages/country_pickers/assets/to.png"],"packages/country_pickers/assets/tr.png":["packages/country_pickers/assets/tr.png"],"packages/country_pickers/assets/tt.png":["packages/country_pickers/assets/tt.png"],"packages/country_pickers/assets/tv.png":["packages/country_pickers/assets/tv.png"],"packages/country_pickers/assets/tw.png":["packages/country_pickers/assets/tw.png"],"packages/country_pickers/assets/tz.png":["packages/country_pickers/assets/tz.png"],"packages/country_pickers/assets/ua.png":["packages/country_pickers/assets/ua.png"],"packages/country_pickers/assets/ug.png":["packages/country_pickers/assets/ug.png"],"packages/country_pickers/assets/um.png":["packages/country_pickers/assets/um.png"],"packages/country_pickers/assets/us.png":["packages/country_pickers/assets/us.png"],"packages/country_pickers/assets/uy.png":["packages/country_pickers/assets/uy.png"],"packages/country_pickers/assets/uz.png":["packages/country_pickers/assets/uz.png"],"packages/country_pickers/assets/va.png":["packages/country_pickers/assets/va.png"],"packages/country_pickers/assets/vc.png":["packages/country_pickers/assets/vc.png"],"packages/country_pickers/assets/ve.png":["packages/country_pickers/assets/ve.png"],"packages/country_pickers/assets/vg.png":["packages/country_pickers/assets/vg.png"],"packages/country_pickers/assets/vi.png":["packages/country_pickers/assets/vi.png"],"packages/country_pickers/assets/vn.png":["packages/country_pickers/assets/vn.png"],"packages/country_pickers/assets/vu.png":["packages/country_pickers/assets/vu.png"],"packages/country_pickers/assets/wf.png":["packages/country_pickers/assets/wf.png"],"packages/country_pickers/assets/ws.png":["packages/country_pickers/assets/ws.png"],"packages/country_pickers/assets/xk.png":["packages/country_pickers/assets/xk.png"],"packages/country_pickers/assets/ye.png":["packages/country_pickers/assets/ye.png"],"packages/country_pickers/assets/yt.png":["packages/country_pickers/assets/yt.png"],"packages/country_pickers/assets/za.png":["packages/country_pickers/assets/za.png"],"packages/country_pickers/assets/zm.png":["packages/country_pickers/assets/zm.png"],"packages/country_pickers/assets/zw.png":["packages/country_pickers/assets/zw.png"],"packages/cupertino_icons/assets/CupertinoIcons.ttf":["packages/cupertino_icons/assets/CupertinoIcons.ttf"],"packages/rflutter_alert/assets/images/close.png":["packages/rflutter_alert/assets/images/close.png","packages/rflutter_alert/assets/images/2.0x/close.png","packages/rflutter_alert/assets/images/3.0x/close.png"],"packages/rflutter_alert/assets/images/icon_error.png":["packages/rflutter_alert/assets/images/icon_error.png","packages/rflutter_alert/assets/images/2.0x/icon_error.png","packages/rflutter_alert/assets/images/3.0x/icon_error.png"],"packages/rflutter_alert/assets/images/icon_info.png":["packages/rflutter_alert/assets/images/icon_info.png","packages/rflutter_alert/assets/images/2.0x/icon_info.png","packages/rflutter_alert/assets/images/3.0x/icon_info.png"],"packages/rflutter_alert/assets/images/icon_success.png":["packages/rflutter_alert/assets/images/icon_success.png","packages/rflutter_alert/assets/images/2.0x/icon_success.png","packages/rflutter_alert/assets/images/3.0x/icon_success.png"],"packages/rflutter_alert/assets/images/icon_warning.png":["packages/rflutter_alert/assets/images/icon_warning.png","packages/rflutter_alert/assets/images/2.0x/icon_warning.png","packages/rflutter_alert/assets/images/3.0x/icon_warning.png"]}